"comparison","score","n_x","n_y","mean_x","mean_y","mean_diff","cohens_d","welch_t_p","wilcoxon_p","welch_p_BH","wilcoxon_p_BH"
"S100A8hi_macrophage vs Kupffer","MonocyteScore",4737,13519,-0.162914023038505,-0.550681235206576,0.387767212168071,0.981501118971054,0,0,0,0
"S100A8hi_macrophage vs Neutrophil","MonocyteScore",4737,131,-0.162914023038505,0.667066948408617,-0.829980971447122,-1.80443990519591,1.80715890739879e-45,3.888539370153e-55,2.40954520986505e-45,5.184719160204e-55
"S100A8hi_macrophage vs Kupffer","ResidentScore",4737,13519,-0.326491866483672,1.72730050746659,-2.05379237395026,-3.17730976614905,0,0,0,0
"S100A8hi_macrophage vs Neutrophil","ResidentScore",4737,131,-0.326491866483672,-0.379190648773762,0.0526987822900897,0.173136133609121,0.0011908306955996,0.211362743572271,0.0011908306955996,0.211362743572271
